{
  "invert_image": false, 
  "linesgm": {
    "settings": {
      "allowable_expand": 1.3, 
      "blines_padding": 0.1, 
      "font_depth": [[0.2, 1.5]], 
      "layer_applier": {"nn_path": "cuts_nn/sgm_rus.pb"}, 
      "ocrengine": {
        "settings": {
          "autocontrast": false, 
          "recognizer_path": "ocr_nn/pspd_08.pb"
        }, 
        "type": "native"
      }, 
      "padding_x": 0, 
      "padding_y": 0, 
      "sgm_nn_weight": 0.5, 
      "variants": 1, 
      "vert_correction": false
    }, 
    "type": "simple"
  }, 
  "normalize_spaces": true
}