{
    "type": "common",
    "settings": {
        "processing": {
            "use_blink_removing": true,
            "blink_removing_percent": 0.1,
            "use_background_closing": false,
            "background_closing_wx": 2,
            "background_closing_wy": 2,
            "use_morphology_open": true,
            "morphology_open_wx": 30,
            "morphology_open_wy": 0,
            "use_morphology_close": true,
            "morphology_close_wx": 3,
            "morphology_close_wy": 3,
            "use_autocontrast": true,
            "autocontrast_satur_black": 0.02,
            "autocontrast_satur_white": 0.02,
            "use_angle_detector": true,
            "use_saturation": false
        },
        "settings": {
            "max_v_size": 60,
            "min_v_size": 15,
            "min_h_size": 20,
            "min_h_gap": 30,
            "step_x": 15,
            "step_y": 4
        },
        "layout": [
            {
                "objects": [
                    {
                        "name": "surname"
                    }
                ]
            },
            {
                "objects": [
                    {
                        "name": "name"
                    }
                ]
            },
            {
                "objects": [
                    {
                        "name": "family_name"
                    }
                ]
            },
            {
                "objects": [
                    {
                        "name": "parents_names"
                    }
                ]
            }
        ]
    }
}