{
    "type": "common",
    "settings": {
        "processing": {
            "use_blink_removing": true,
            "blink_removing_percent": 0.1,
            "use_background_closing": true,
            "background_closing_wx": 4,
            "background_closing_wy": 4,
            "use_morphology_open": true,
            "morphology_open_wx": 7,
            "morphology_open_wy": 3,
            "use_morphology_close": true,
            "morphology_close_wx": 3,
            "morphology_close_wy": 8,
            "use_autocontrast": true,
            "autocontrast_satur_black": 0.03,
            "autocontrast_satur_white": 0.05,
            "use_angle_detector": true,
            "use_saturation": false
        },
        "settings": {
            "max_v_size": 70,
            "min_v_size": 15,
            "min_h_size": 20,
            "min_h_gap":  30,
            "step_x": 10,
            "step_y": 10
        },
        "layout": [
            {
                "objects": [
                    {
                        "name": "surname"
                    }
                ]
            },
            {
                "objects": [
                    {
                        "name": "name"
                    }
                ]
            },
            {
                "objects": [
                    {
                        "name": "birth_date"
                    },
                    {}
                ]
            },
            {
                "objects": [
                    {
                        "name": "issue_date"
                    }
                ]
            },
            {},
            {
                "objects": [
                    {
                        "name": "number"
                    }
                ]
            }

        ]
    }
}