{
  "common_options": {}, 
  "documents": [
    "docs/pol/pol.drvlic.type1.json", 
    "docs/pol/pol.id.type1.json", 
    "docs/pol/pol.id.type2.json"
  ], 
  "engines": {
    "smartid": {
      "doctypes": ["pol.id.type1", "pol.id.type2", "pol.drvlic.type1"], 
      "options": {
        "extractFieldImages": "false", 
        "extractPhoto": "true", 
        "extractTemplateImages": "false"
      }, 
      "path": "pol.json", 
      "type": "smartid_engine"
    }
  }, 
  "features_extractor": "docs/pol/ffe_config_mobile.json", 
  "tplfinder": "docs/pol/common_tplfinder_config_mobile.json", 
  "type": "smartid_bundle"
}