{
  "pol.id.type2": {
    "data_postprocessor": {
      "expected_fields": {
        "pol.id.type2:back": ["full_mrz"], 
        "pol.id.type2:front": [
          "surname", 
          "name", 
          "family_name", 
          "parents_names", 
          "birth_date"
        ]
      }, 
      "formatters": [
        ":/postprocessor/mrz/mrz_formatter_slot.json",
        {
          "formatter": ":/postprocessor/dummy_postprocessor.json", 
          "input_fields": ["name"]
        },
        {
          "formatter": ":/postprocessor/dummy_postprocessor.json", 
          "input_fields": ["surname"]
        }, 
        {
          "formatter": ":/postprocessor/dummy_postprocessor.json", 
          "input_fields": ["family_name"]
        }, 
        {
          "formatter": ":/postprocessor/dummy_postprocessor.json", 
          "input_fields": ["parents_names"]
        }, 
        {
          "formatter": ":/postprocessor/date/default_birth_date_DDMMYYYY_formatter.json", 
          "input_fields": ["birth_date"]
        },
        {
          "formatter": ":/postprocessor/punctuation_filter.json", 
          "input_fields": ["gender"]
        }
      ], 
      "image_integrators": {"__default__": ":/integrator/default_image_integrator.json"}, 
      "integrators": {
        "__default__": ":/integrator/default_rover_integrator.json",
        "full_mrz": ":/integrator/default_mrz_integrator.json",
        "birth_date": ":/integrator/default_token_integrator.json", 
        "family_name": ":/integrator/default_rover_integrator.json", 
        "gender": ":/integrator/default_rover_integrator.json", 
        "name": ":/integrator/default_rover_integrator.json", 
        "parents_names": ":/integrator/default_rover_integrator.json", 
        "surname": ":/integrator/default_rover_integrator.json"
      }, 
      "output_fields": [
        "family_name", 
        "surname", 
        "name", 
        "parents_names", 
        "photo", 
        "gender", 
        "birth_date",
        "mrz_line_1",
        "mrz_line_2",
        "mrz_line_3",
        "full_mrz",
        "number_mrz",
        "birth_date_mrz",
        "gender_mrz",
        "expiry_date_mrz",
        "nationality_mrz",
        "opt_data_2_mrz",
        "first_name_mrz",
        "second_name_mrz"
      ], 
      "postprocessors": [
        ":/postprocessor/mrz/mrz_postprocessor_slot.json",
        ":/postprocessor/mrz/mrz_renaming_slot_notype.json",
        {
          "input_fields": ["mrz_line_1", "mrz_line_2", "mrz_line_3"],
          "postprocessor": ":/postprocessor/mrz/full_mrz_merger.json",
          "output_fields": ["mrz_line_1", "mrz_line_2", "mrz_line_3", "full_mrz"]
        },
        {
          "postprocessor": ":/postprocessor/alphabet/pol_letters_alphabet_postprocessor.json", 
          "input_fields": ["name"]
        },
        {
          "postprocessor": ":/postprocessor/alphabet/pol_letters_alphabet_postprocessor.json", 
          "input_fields": ["surname"]
        }, 
        {
          "postprocessor": ":/postprocessor/alphabet/pol_letters_alphabet_postprocessor.json", 
          "input_fields": ["family_name"]
        }, 
        {
          "postprocessor": ":/postprocessor/alphabet/pol_letters_alphabet_postprocessor.json", 
          "input_fields": ["parents_names"]
        }, 
        {
          "postprocessor": ":/postprocessor/date/default_birth_date_DDMMYYYY_postprocessor.json", 
          "input_fields": ["birth_date"]
        },
        {
          "postprocessor": "postprocessors/gender_alphabet_postprocessor.json", 
          "input_fields": ["gender"]
        }
      ], 
      "rejectors": {
        "__default__": ":/rejector/default_loyal_rejector.json"
      }
    }, 
    "templates": {
      "pol.id.type2:back": {
        "config": "templates/pol.id.type2.back.common.json", 
        "fields": {
          "mrz3_line1": {"workflow": {"type": "dummy"}}, 
          "mrz3_line2": {"workflow": {"type": "dummy"}}, 
          "mrz3_line3": {"workflow": {"type": "dummy"}}
        }, 
        "size": [856, 540], 
        "zones": {
          "mrz_zone": {
            "rect": [0, 325, 856, 215], 
            "size_override": [800, 200],
            "workflow": {
              "settings": {
                "engine_settings_path": ":/mrz-data/mrzapi_engine.json", 
                "supported_document_types": ["mrz.td1"],
                "perform_mrz_search": true,
                "mrz_search_ffe": ":/ffe/dummy_ffe.json",
                "mrz_search_tplfinder": ":/mrz-data/mrz_tplfinder_config_anywhere.json"
              }, 
              "type": "mrz"
            }
          }
        }
      }, 
      "pol.id.type2:front": {
        "config": "templates/pol.id.type2.front.common.json", 
        "fields": {
          "birth_date": {
            "scale": 2.0, 
            "workflow": {
              "settings": {
                "deshearer": ":/deshearer/dummy_deshearer.json", 
                "recstr": ":/recstr/pol__date_recstr.json"
              }, 
              "type": "common"
            }
          }, 
          "family_name": {
            "scale": 2.0, 
            "workflow": {
              "settings": {
                "deshearer": ":/deshearer/dummy_deshearer.json", 
                "recstr": ":/recstr/pol__fio_recstr.json"
              }, 
              "type": "common"
            }
          }, 
          "gender": {
            "scale": 2.0, 
            "workflow": {
              "settings": {
                "deshearer": ":/deshearer/dummy_deshearer.json", 
                "recstr": ":/recstr/pol__fio_recstr.json"
              }, 
              "type": "common"
            }
          }, 
          "name": {
            "scale": 1.8, 
            "workflow": {
              "settings": {
                "deshearer": ":/deshearer/dummy_deshearer.json", 
                "recstr": ":/recstr/pol__fio_recstr.json"
              }, 
              "type": "common"
            }
          }, 
          "parents_names": {
            "scale": 2.2, 
            "workflow": {
              "settings": {
                "deshearer": ":/deshearer/dummy_deshearer.json", 
                "recstr": ":/recstr/pol__fio_recstr.json"
              }, 
              "type": "common"
            }
          }, 
          "photo": {"workflow": {"settings": {}, "type": "image"}}, 
          "surname": {
            "scale": 1.8, 
            "workflow": {
              "settings": {
                "deshearer": ":/deshearer/dummy_deshearer.json", 
                "recstr": ":/recstr/pol__fio_recstr.json"
              }, 
              "type": "common"
            }
          }
        }, 
        "size": [856, 540], 
        "zones": {
          "data_zone": {
            "rect": [300, 470, 370, 60], 
            "workflow": {
              "settings": {"vertsgm": "vertsgm/id_type2_data_zone.json"}, 
              "type": "common"
            }
          }, 
          "fio_zone": {
            "rect": [300, 150, 360, 300], 
            "workflow": {
              "settings": {"vertsgm": "vertsgm/id_type2_fio_zone.json"}, 
              "type": "common"
            }
          }, 
          "photo_zone": {
            "rect": [0, 0, 500, 540], 
            "workflow": {
              "settings": {"photo_detector": ":/photo_retriever/photo_detector.json"}, 
              "type": "photo_retriever"
            }
          }
        }
      }
    }
  }
}