{
  "pol.drvlic.type1": {
    "data_postprocessor": {
      "expected_fields": [
        "surname", 
        "name", 
        "issue_date", 
        "birth_date", 
        "photo", 
        "number"
      ], 
      "formatters": [
        {
          "formatter": ":/postprocessor/dummy_postprocessor.json", 
          "input_fields": ["surname"]
        }, 
        {
          "formatter": ":/postprocessor/dummy_postprocessor.json", 
          "input_fields": ["name"]
        },
        {
          "formatter": ":/postprocessor/date/default_birth_date_DDMMYY_formatter.json", 
          "input_fields": ["birth_date"]
        },
        {
          "formatter": ":/postprocessor/date/default_issue_date_DDMMYY_formatter.json", 
          "input_fields": ["issue_date"]
        },
        {
          "formatter": "postprocessors/drvlic_number_formatter.json", 
          "input_fields": ["number"]
        }
      ], 
      "image_integrators": {"__default__": ":/integrator/default_image_integrator.json"}, 
      "integrators": {
        "__default__": ":/integrator/default_rover_integrator.json",
        "birth_date": ":/integrator/default_token_integrator.json", 
        "issue_date": ":/integrator/default_token_integrator.json", 
        "number": ":/integrator/default_token_integrator.json"
      }, 
      "output_fields": ["issue_date", "surname", "name", "photo", "number", "birth_date"], 
      "postprocessors": [
        {
          "postprocessor": ":/postprocessor/alphabet/pol_letters_alphabet_postprocessor.json", 
          "input_fields": ["surname"]
        }, 
        {
          "postprocessor": ":/postprocessor/alphabet/pol_letters_alphabet_postprocessor.json", 
          "input_fields": ["name"]
        }, 
        {
          "postprocessor": ":/postprocessor/date/default_birth_date_DDMMYYYY_postprocessor.json", 
          "input_fields": ["birth_date"]
        },
        {
          "postprocessor": ":/postprocessor/date/default_issue_date_DDMMYYYY_postprocessor.json", 
          "input_fields": ["issue_date"]
        },
        {
          "postprocessor": "postprocessors/drvlic_and_pesel_number_postprocessor.json", 
          "input_fields": ["number"]
        }
      ], 
      "rejectors": {
        "__default__": ":/rejector/default_loyal_rejector.json"
      }
    }, 
    "templates": {
      "pol.drvlic.type1:front": {
        "config": "templates/pol.drvlic.type1.front.common.json", 
        "fields": {
          "birth_date": {
            "scale": 1.5, 
            "workflow": {
              "settings": {
                "deshearer": ":/deshearer/dummy_deshearer.json", 
                "recstr": ":/recstr/pol__date_recstr.json"
              }, 
              "type": "common"
            }
          }, 
          "issue_date": {
            "scale": 1.5, 
            "workflow": {
              "settings": {
                "deshearer": ":/deshearer/dummy_deshearer.json", 
                "recstr": ":/recstr/pol__date_recstr.json"
              }, 
              "type": "common"
            }
          }, 
          "name": {
            "scale": 1.5, 
            "workflow": {
              "settings": {
                "deshearer": ":/deshearer/dummy_deshearer.json", 
                "recstr": ":/recstr/pol__fio_recstr.json"
              }, 
              "type": "common"
            }
          }, 
          "number": {
            "scale": 1.5, 
            "workflow": {
              "settings": {
                "deshearer": ":/deshearer/dummy_deshearer.json", 
                "recstr": ":/recstr/pol__drvlic_number_recstr.json"
              }, 
              "type": "common"
            }
          }, 
          "photo": {"workflow": {"settings": {}, "type": "image"}}, 
          "surname": {
            "scale": 1.5, 
            "workflow": {
              "settings": {
                "deshearer": ":/deshearer/dummy_deshearer.json", 
                "recstr": ":/recstr/pol__fio_recstr.json"
              }, 
              "type": "common"
            }
          }
        }, 
        "size": [856, 540], 
        "zones": {
          "general_zone": {
            "rect": [260, 76, 385, 225], 
            "workflow": {
              "settings": {"vertsgm": "vertsgm/pol_drvlic_type1.json"}, 
              "type": "common"
            }
          }, 
          "photo_zone": {
            "rect": [10, 165, 270, 355], 
            "workflow": {
              "settings": {"photo_detector": ":/photo_retriever/photo_detector.json"}, 
              "type": "photo_retriever"
            }
          }
        }
      }
    }
  }
}