{
	"type": "mrz_postprocessor",
  "settings":{
  	"mrz_types": {
  		"mrz.mrp" : "mrp_rules.json",
      "mrz.mrva" : "mrva_rules.json",
      "mrz.mrvb" : "mrvb_rules.json",
      "mrz.td1" : "td1_rules.json",
      "mrz.che.drvlic" : "che_drvlic_rules.json",
      "mrz.td2" : "td2_rules.json",
      "mrz.fra.id" : "fra_id_rules.json",
      "mrz.rus.passport" : "rus_passport_rules.json",
      "mrz.rus.visa" : "rus_visa_rules.json",
      "mrz.bgr.vrd" : "bgr_vrd_rules.json"
    },
  	"language_model": "mrz_language_model.json"
  }
}