{
  "type": "common", 
  "settings": {
    "weighting_rejector": {
      "type": "worst_character", 
      "settings": { 
        "set_accept_flag": true,
        "cumulative_confidence_threshold": 0.9
      }
    }, 
    "internal_integrator": {
      "type": "token", 
      "settings": {
        "weight_relevance": 0.0, 
        "stopper": {
          "type": "simple", 
          "settings": {
            "min_cluster_size": 2, 
            "ocrstring_confidence_treshold": 0.68359375, 
            "cluster_confidence_treshold": 0.9765625, 
            "max_count_of_pushed_ocrStrings": 15
          }
        }, 
        "tokens_cutoff": 5
      }
    },
    "attributes_integrator": {
      "type": "attributes"
    }
  }
}