{
  "type": "common", 
  "settings": {
    "weighting_rejector": {
      "type": "worst_character", 
      "settings": { 
        "worst_character_offset": 3,
        "set_accept_flag": true,
        "cumulative_confidence_threshold": 0.9
      }
    }, 
    "internal_integrator": {
      "type": "mrz_integrator",
      "settings":{
        "language_model": ":/postprocessor/mrz/mrz_language_model.json",
        "internal_integrator": {
          "type": "token", 
          "settings": {
            "weight_relevance": 0.0, 
            "stopper": {
              "type": "counting", 
              "settings": {
                "stop_at": 4
              }
            }, 
            "tokens_cutoff": 5
          }
        },
        "language_model": ":/postprocessor/mrz/mrz_language_model.json"
      }
    },
    "attributes_integrator": {
      "type": "attributes"
    }
  }
}