{
  "type": "common", 
  "settings": {
    "weighting_rejector": {
      "type": "worst_character", 
      "settings": { 
        "worst_character_offset": 1,
        "set_accept_flag": true,
        "cumulative_confidence_threshold": 0.8
      }
    }, 
    "internal_integrator": {
      "settings": {
        "class_choice_type": "size_then_confidence",
        "class_distance_type": "levenshtein",
        "class_distance_threshold": 0.15,
        "class_integrator": {
          "type": "rover",
          "settings": {
            "WTN": {
                "weightOfEmptySymb": 0.6,
                "empty_symbol": "@"
            },
            "stopper": {
                "type": "simple",
                "settings": {
                  "min_cluster_size": 2,
                  "cluster_confidence_treshold": 0.9765625,
                  "ocrstring_confidence_treshold": 0.68359375,
                  "max_count_of_pushed_ocrStrings": 15
                }
            }
          }
        }
      },
      "type": "multimodal"
    },
    "attributes_integrator": {
      "type": "attributes"
    }
  }
}