{
  "type": "mrz_wrdgen_docnumber",
  "settings" : {
    "data_field_name": "vehicle_number_mrz",
    "type_field_name": "__type__",
    "issuer_field_name":"issuer_mrz",
    "with_cd": false,
    "wrdgen_depth": 200,
    "substitution_weight": 0.9,
    "rare_substitution_weight": 0.1,
    "dictionary_sets":{
        "mrz.bgr.vrd" : {
          "is_letter_O_forbidden": false,
          "lengthOfPattern": 7, 
          "issuers" : {
       	    "BGR": {"patterns" : ["@@####@", "@####@@"]}
          }        
      	}
    }
  }
}
