{
  "general": {
    "details": "", 
    "forms": [
      {
        "form_type": "contour", 
        "pins": [[0.0, 0.0, 0.5, 0.5], [0.5, 0.0, 0.5, 0.5], [0.5, 0.5, 0.5, 0.5], 
          [0.0, 0.5, 0.5, 0.5]], 
        "pins_type": "point"
      }
    ], 
    "scaled_image_width": 240, 
    "variants_per_form": 1, 
    "variants_per_result": 1
  }, 
  "line_detection": {"gradient_threshold": 1, "lines_count": 4, "use_components": true}, 
  "selector": {
    "angle_threshold": 4.0, 
    "corner_threshold": 17.0, 
    "expected_size": [[856, 540]], 
    "focal_length": 0.932, 
    "ratio_threshold": 0.1, 
    "use_bogus_lines": false
  }
}