{
  "type": "alphabet",
  "settings": {
    "type_app": "univ_alph",
    "str_size": 11,    
    "mask_str": [
      "0123456789",
      "0123456789",
      "0123456789",
      "0123456789",
      "0123456789",
      "0123456789",
      "0123456789",
      "0123456789",
      "0123456789",
      "0123456789",
      "0123456789"
    ],
    "min_confidence": 0.2,
    "sum_alph_confidence": 0.98,
    "matchs" : {
      "O": "0",
      "D": "0",
      "I" : "1",
      "L" : "1",
      "U" : "0",
      "T" : "1",
      "A" : "4",
      "S" : "5"
    }
  }
}